[{"model": "admin.logentry", "pk": 1, "fields": {"action_time": "2026-04-15T10:37:51.006Z", "user": 1, "content_type": 9, "object_id": "1", "object_repr": "Jetts", "action_flag": 1, "change_message": "[{\"added\": {}}]"}}, {"model": "admin.logentry", "pk": 2, "fields": {"action_time": "2026-05-04T10:31:24.000Z", "user": 1, "content_type": 9, "object_id": "14", "object_repr": "JD Gyms Bury", "action_flag": 2, "change_message": "[]"}}, {"model": "admin.logentry", "pk": 3, "fields": {"action_time": "2026-05-04T10:31:50.066Z", "user": 1, "content_type": 9, "object_id": "14", "object_repr": "JD Gyms Bury", "action_flag": 2, "change_message": "[{\"changed\": {\"fields\": [\"Approved at\", \"Approved by\"]}}]"}}, {"model": "admin.logentry", "pk": 4, "fields": {"action_time": "2026-05-04T10:32:07.427Z", "user": 1, "content_type": 9, "object_id": "14", "object_repr": "JD Gyms Bury", "action_flag": 2, "change_message": "[{\"changed\": {\"fields\": [\"Status\"]}}]"}}, {"model": "admin.logentry", "pk": 5, "fields": {"action_time": "2026-05-04T10:32:21.090Z", "user": 1, "content_type": 9, "object_id": "15", "object_repr": "JD Gyms Oldbury", "action_flag": 2, "change_message": "[{\"changed\": {\"fields\": [\"Status\", \"Approved at\"]}}]"}}, {"model": "admin.logentry", "pk": 6, "fields": {"action_time": "2026-05-04T15:15:20.451Z", "user": 1, "content_type": 9, "object_id": "16", "object_repr": "Central Fitness 24/7", "action_flag": 2, "change_message": "[{\"changed\": {\"fields\": [\"Approved at\", \"Approved by\"]}}]"}}, {"model": "admin.logentry", "pk": 7, "fields": {"action_time": "2026-05-04T15:15:41.845Z", "user": 1, "content_type": 9, "object_id": "17", "object_repr": "Everlast Gyms", "action_flag": 2, "change_message": "[{\"changed\": {\"fields\": [\"Status\", \"Approved at\"]}}]"}}, {"model": "auth.user", "pk": 1, "fields": {"password": "pbkdf2_sha256$1200000$owEbxDb1ks1VtXGCTqdDWW$IG8zcaEHJCVpjpFkDdWYgRqjbkCw7xajEIV0WucL/y8=", "last_login": "2026-05-04T10:26:08.193Z", "is_superuser": true, "username": "arbazayaz", "first_name": "", "last_name": "", "email": "ayazarbaz71@gmail.com", "is_staff": true, "is_active": true, "date_joined": "2026-04-15T08:52:45.721Z", "groups": [], "user_permissions": []}}, {"model": "auth.user", "pk": 2, "fields": {"password": "pbkdf2_sha256$1200000$YJFSSBisoqquf0Wk1cQLEj$4AjK07OPhU8byps1fD4hpdw9D8EF6BqpJrhKt6kZtRQ=", "last_login": "2026-05-02T18:47:56.594Z", "is_superuser": false, "username": "ayazarbaz71@gmail.com", "first_name": "", "last_name": "", "email": "", "is_staff": false, "is_active": true, "date_joined": "2026-05-02T18:09:06.259Z", "groups": [], "user_permissions": []}}, {"model": "auth.user", "pk": 4, "fields": {"password": "pbkdf2_sha256$1200000$VbMNFaBzVFDu9cbstRyAiT$rJZPcP+Eemhnh34CpOqWJfhGlpg1D5xnx/Dl7l2DtVk=", "last_login": "2026-05-02T18:27:40.569Z", "is_superuser": false, "username": "arbazayaz1", "first_name": "", "last_name": "", "email": "itskayo71@gmail.com", "is_staff": false, "is_active": true, "date_joined": "2026-05-02T18:27:40.340Z", "groups": [], "user_permissions": []}}, {"model": "sessions.session", "pk": "5i9baos5jdi13rf0i8k2sff9m2ox3060", "fields": {"session_data": ".eJxVjEEOwiAQRe_C2hDodIbWpfuegQwD2KqhSWlXxrsbki50-997_608H_vsj5o2v0R1VZbU5XcMLM9UGokPLvdVy1r2bQm6KfqkVU9rTK_b6f4dzFznVmOPg4QudH3M4JwbjCCMGS2lAVEocGDqjHAPJAlGIUvEKbMFADTq8wUDNDfR:1wJGMl:QMRb4Pyufb2dieerEpg4BDRTnYCsrhLRZzAsBBOEXmE", "expire_date": "2026-05-16T19:51:07.031Z"}}, {"model": "sessions.session", "pk": "6cec2mlmt2fm2ky9rr9oaltukbk5bezc", "fields": {"session_data": ".eJxVjDsOwjAQRO_iGll2_Kekzxms9XqNAyiW4qRC3J1ESgHdaN6bebMI21rj1mmJU2ZXZtjlt0uAT5oPkB8w3xvHNq_LlPih8JN2PrZMr9vp_h1U6HVfIwodHFpyoIKQJWfU3ghfggPtJdHgDA5pgD16nwtoWUBZUkU6siawzxfydThI:1wJF4i:kPGDLdwHsBut45bAcViiU4qfsVhCrNwP3cmxsKwwvF0", "expire_date": "2026-05-16T18:28:24.905Z"}}, {"model": "sessions.session", "pk": "9psqp0b6hhbuw9xrqfltcyvi9wjyni4j", "fields": {"session_data": ".eJxVjMsOwiAQRf-FtSHQjgO4dN9vIDM8pGogKe3K-O_apAvd3nPOfQlP21r81tPi5yguQovT78YUHqnuIN6p3poMra7LzHJX5EG7nFpMz-vh_h0U6uVbwwgYkM7RGkM8AgRwgwNmzNqCCWCQXMrJZasUZmZrx0yDBiTMpJJ4fwDVBzfn:1wCvzk:YWWfAkENCZs2qOUWW5OjmeNPbMyrPF4JSHBm27Pyxds", "expire_date": "2026-04-29T08:53:12.934Z"}}, {"model": "sessions.session", "pk": "ajokvugdebvetym6w2y85144stmmn759", "fields": {"session_data": ".eJxVjMsOwiAQRf-FtSHQjgO4dN9vIDM8pGogKe3K-O_apAvd3nPOfQlP21r81tPi5yguQovT78YUHqnuIN6p3poMra7LzHJX5EG7nFpMz-vh_h0U6uVbwwgYkM7RGkM8AgRwgwNmzNqCCWCQXMrJZasUZmZrx0yDBiTMpJJ4fwDVBzfn:1wJqV6:CUZxpVAPJIb4wZ5h8CQHPfp0kdBt6X7ra34slczxLDI", "expire_date": "2026-05-18T10:26:08.194Z"}}, {"model": "sessions.session", "pk": "hw1gab35ikdy4ruvrsar1hh3sz0bucm1", "fields": {"session_data": ".eJxVjDsOwjAQBe_iGln-xWtT0nMGa-Nd4wBypDipEHeHSCmgfTPzXiLhtta0dV7SROIsjBGn33HE_OC2E7pju80yz21dplHuijxol9eZ-Hk53L-Dir1-64E0IYdCQXkdEBVBtj5GD4N3FK3KRoNTZKGwDVa56JANOTQxQrEg3h_85DdZ:1wJHMb:W2_3JNnxPOJxSgEjfrRcZ2e-A_WJHAi_XfMBqX5Xguc", "expire_date": "2026-05-16T20:55:01.513Z"}}, {"model": "sessions.session", "pk": "icgsszso537cbzzgdhkw2h7fdu7g1mkg", "fields": {"session_data": ".eJxVjEEOgyAUBe_CuiHwEZAuu_cM5snHYttgIrpqevdq4qLdvpl5b9FjW3O_1bT0E4ur0CQuv-OA-EzlIPxAuc8yzmVdpkEeijxpld3M6XU73b-DjJr32gzsrUVSIKNsgyaOvNcuqdZYS161sAyM8MFpYp80NJiCDo4UeSM-XxP6N-Q:1wJFvW:U2UyOChZocUDNWZ1URylZ40rkXHYTH5CPvU0LBBiO34", "expire_date": "2026-05-16T19:22:58.161Z"}}, {"model": "sessions.session", "pk": "itirxrrcs1mrfbcdetp1g7w1dkfp9ymq", "fields": {"session_data": ".eJxVjDsOwyAQRO9CHSFYL15Imd5nQPwcnEQgGbuKcvcYyUXSjea9mTezbt-y3Vta7RLZlcHALr-ld-GZSifx4cq98lDLti6ed4WftPGpxvS6ne7fQXYt9zU6lGakhDN5JcUwkvPoJSChlArMQQQqoDkAQCICMtEfWSsttFbs8wXXFDZd:1wJHMb:hHP9bh461ZR3Unen5FQLVrwbE2DWH-ir2-dz9F8bUOg", "expire_date": "2026-05-16T20:55:01.721Z"}}, {"model": "sessions.session", "pk": "lw4e9kegu40tqd5tuvqhcfkni7glv6da", "fields": {"session_data": ".eJxVjEEOwiAQRe_C2hCgMFCX7j0DGQZGqoYmpV0Z765NutDtf-_9l4i4rTVuvSxxyuIsjBan3zEhPUrbSb5ju82S5rYuU5K7Ig_a5XXO5Xk53L-Dir1-a0RFNDgcGYLnEixq0DrZ5IgVZCLQHJJyNjEa9mG0gyEg76looODF-wMkKziY:1wJHMb:_L0Vbepq-V7kDBGD5M0bnILgANdrNcsVDZQ4vix9HlM", "expire_date": "2026-05-16T20:55:01.300Z"}}, {"model": "sessions.session", "pk": "m9su8wn8tjpt3bb2gt3ij9exqsh68fdq", "fields": {"session_data": ".eJxVzEEOwiAUBNC7sDYEKHyoS_c9A4HPr1QNJKVdGe8uTbrQ7byZeTMf9i37vdHql8SuTAp2-Q1jwCeVQ9IjlHvlWMu2LpEfFX5q41NN9Lqd3b-DHFrua2WMICIwMCgEMDZqOcfRjjFapVA4mJUOg9adrBOAKhBoIxA6oXTs8wXfTDa9:1wJFmy:I13P1-RS5j9t_QtixPosDSV_vzmROTrOFT6IOWzBgZs", "expire_date": "2026-05-16T19:14:08.045Z"}}, {"model": "sessions.session", "pk": "martiqmr8lm5pl8ixror00t61wlyvno6", "fields": {"session_data": ".eJxVjEEOwiAQRe_C2hBAKTMu3XsGMsxQqRpISrsy3l2bdKHb_977LxVpXUpce57jJOqsrFeH3zERP3LdiNyp3prmVpd5SnpT9E67vjbJz8vu_h0U6uVbI7tAnjgDCCQHYghCEmuMd4iATojFg2MGQTq6gCONVoYTymBYknp_ABdmOKk:1wJGLv:INUxVbVmB6iojAukjoTnOe1MV9-2uDjzskOs3phCOe0", "expire_date": "2026-05-16T19:50:15.413Z"}}, {"model": "sessions.session", "pk": "rye8drnapla4p9myqx0iowkpc23vwh0h", "fields": {"session_data": ".eJxVjDsOwyAQBe9CHSHD8k2Z3mdACwvBSYQlY1dR7h4huUjaNzPvzQIeew1Hz1tYiF2ZY5ffLWJ65jYAPbDdV57Wtm9L5EPhJ-18Xim_bqf7d1Cx11Ejee0daHIkPKA1Bqy3OBUNXmYJHkpKIlsQxmpFU4poVCGpoyalgH2-0q83XQ:1wJFjw:ZitLSvJEM2bwIn-Oq0MdZzzLPDMUMG3NnKbNJiJXSDI", "expire_date": "2026-05-16T19:11:00.869Z"}}, {"model": "sessions.session", "pk": "u4y6ajnjowqohcmongz5bbircs9jzq6k", "fields": {"session_data": ".eJxVjDsOwjAQBe_iGllK1oltSnrOEO16n3EAOVI-FeLuECkFtG9m3ssMvK1l2BbMw6jmbHpz-t2E0wN1B3rneptsmuo6j2J3xR50sddJ8bwc7t9B4aV8axGfs0-ijsQH7lrJ0saOkAODHBFY0FPWyE48A74hKJLExikCm_cHKv057A:1wJFY3:qW-a-VnSSMN3bqv5cX2R-avMvqxRfolG3D9rtaxgEII", "expire_date": "2026-05-16T18:58:43.219Z"}}, {"model": "sessions.session", "pk": "zdp5xvwqi3kjphjthrt58jgd82dy3oah", "fields": {"session_data": ".eJxVjMEOwiAQRP-FsyGBIst69O43kGUXpGpoUtqT8d9tkx70OPPezFtFWpca157nOIq6KGPU6bdMxM_cdiIPavdJ89SWeUx6V_RBu75Nkl_Xw_07qNTrtrYDcOFQsk8sW3Dg7RmD-EAOkThBQWOKF8rguSBky-ITJCcDgmP1-QIbFDjB:1wJFnv:u0CMvpDO-MKPd4ehRwc9D-fh5YWV09yxP7lh7VJCK9M", "expire_date": "2026-05-16T19:15:07.833Z"}}, {"model": "gyms.amenity", "pk": 1, "fields": {"name": "Free weights", "icon": "", "created_at": "2026-05-02T14:35:21.215Z"}}, {"model": "gyms.amenity", "pk": 2, "fields": {"name": "Cardio machines", "icon": "", "created_at": "2026-05-02T14:35:21.215Z"}}, {"model": "gyms.amenity", "pk": 3, "fields": {"name": "Power racks", "icon": "", "created_at": "2026-05-02T14:35:21.216Z"}}, {"model": "gyms.amenity", "pk": 4, "fields": {"name": "24/7 access", "icon": "", "created_at": "2026-05-02T14:35:21.216Z"}}, {"model": "gyms.amenity", "pk": 5, "fields": {"name": "Classes", "icon": "", "created_at": "2026-05-02T14:35:21.216Z"}}, {"model": "gyms.amenity", "pk": 6, "fields": {"name": "Personal training", "icon": "", "created_at": "2026-05-02T14:35:21.216Z"}}, {"model": "gyms.amenity", "pk": 7, "fields": {"name": "Sauna", "icon": "", "created_at": "2026-05-02T14:35:21.216Z"}}, {"model": "gyms.amenity", "pk": 8, "fields": {"name": "Showers", "icon": "", "created_at": "2026-05-02T14:35:21.216Z"}}, {"model": "gyms.amenity", "pk": 9, "fields": {"name": "Parking", "icon": "", "created_at": "2026-05-02T14:35:21.217Z"}}, {"model": "gyms.amenity", "pk": 10, "fields": {"name": "Women-only area", "icon": "", "created_at": "2026-05-02T14:35:21.217Z"}}, {"model": "gyms.amenity", "pk": 11, "fields": {"name": "Pool", "icon": "", "created_at": "2026-05-02T14:35:21.217Z"}}, {"model": "gyms.amenity", "pk": 12, "fields": {"name": "Boxing area", "icon": "", "created_at": "2026-05-02T14:35:21.217Z"}}, {"model": "gyms.gym", "pk": 1, "fields": {"owner": 1, "name": "Jetts", "slug": "jetts-accrington", "city": "Accrington", "address": "The Viaduct, Hyndburn Road", "postcode": "BB51QF", "latitude": null, "longitude": null, "google_place_id": "", "google_rating": null, "opening_hours_text": "", "image": "", "image_url": "", "website": "", "phone_number": "", "description": "a 24/7 fitness facility located at The Viaduct on Hyndburn Road, featuring no-lock-in contract memberships, high-quality strength/cardio equipment, and a 2022 extension doubling floor space. It offers functional training areas, a female-only zone, spin studio, and small group HIIT (J Series) classes.", "price_range": "mid", "opening_hours": "24 HOURS", "created_at": "2026-04-15T10:37:51.005Z", "updated_at": "2026-04-15T10:37:51.005Z", "status": "approved", "approved_at": "2026-05-02T20:50:11.717Z", "approved_by": null}}, {"model": "gyms.gym", "pk": 2, "fields": {"owner": 1, "name": "The Gym Group Accrington", "slug": "the-gym-group-accrington-accrington", "city": "Accrington", "address": "Eastgate Retail Park Unit 4, Accrington BB5 6RQ, UK", "postcode": "BB5 6RQ", "latitude": 53.75313130000001, "longitude": -2.3597023, "google_place_id": "ChIJGz4xC1qZe0gRK7587fojQws", "google_rating": 4.9, "opening_hours_text": "Monday: Open 24 hours\r\nTuesday: Open 24 hours\r\nWednesday: Open 24 hours\r\nThursday: Open 24 hours\r\nFriday: Open 24 hours\r\nSaturday: Open 24 hours\r\nSunday: Open 24 hours", "image": "", "image_url": "https://maps.googleapis.com/maps/api/place/js/PhotoService.GetPhoto?1sAb43m-vU_52U2Nk24qUC2zxU6dB5-GaUC5xXuTJ-IqfZEeSwAd63PZZhUHBrxR17N94eTuqJFYStNBR7fvm6vxdgn9nm1A6hAQJMnTtN2Q4ZJCU1evKVgOnjrW-C-nLpqNpUJuRqYwf5HbjaZdCOreQW_3bhRgoE45DgVmGOz0IjpsSWZFkoNjbD4eSfuN9R7a28XnyaYKzKjgIxc968D41dGLRrABwmKr4O2qrMWge3bs6xRa9e8lYVCAcexb8Vh7lSdNekusuToz2EgFtxzck3JwjBwCf8LkvXGO9euLKGNuo74A&3u900&5m1&2e1&callback=none&r_url=http%3A%2F%2F127.0.0.1%3A8000%2Fgyms%2Fadd%2F&key=AIzaSyB5aQ5m-5l2zTQuc9oRyy8wP012JHrtgxU&token=126730", "website": "https://www.thegymgroup.com/find-a-gym/accrington-gyms/accrington/?utm_source=google&utm_medium=organic&utm_campaign=gmb-listing&utm_content=Accrington", "phone_number": "0300 303 4800", "description": "24 HOUR GYM", "price_range": "mid", "opening_hours": "Monday: Open 24 hours | Tuesday: Open 24 hours | Wednesday: Open 24 hours | Thursday: Open 24 hours | Friday: Open 24 hours | Saturday: Open 24 hours | Sunday: Open 24 hours", "created_at": "2026-05-02T14:27:07.525Z", "updated_at": "2026-05-02T14:27:07.525Z", "status": "approved", "approved_at": "2026-05-02T20:50:11.717Z", "approved_by": null}}, {"model": "gyms.gym", "pk": 3, "fields": {"owner": 1, "name": "Tyson's Fitness Factory", "slug": "tysons-fitness-factory-accrington", "city": "Accrington", "address": "Victoria Mill, Victoria St, Accrington BB5 0PG, UK", "postcode": "BB5 0PG", "latitude": 53.7474454, "longitude": -2.3674464, "google_place_id": "ChIJvZGN9eeYe0gRonepbun8V2c", "google_rating": 4.8, "opening_hours_text": "Monday: 9:00 am – 10:00 pm\r\nTuesday: 9:00 am – 10:00 pm\r\nWednesday: 9:00 am – 10:00 pm\r\nThursday: 9:00 am – 10:00 pm\r\nFriday: 9:00 am – 10:00 pm\r\nSaturday: 10:00 am – 5:00 pm\r\nSunday: 10:00 am – 5:00 pm", "image": "", "image_url": "https://maps.googleapis.com/maps/api/place/js/PhotoService.GetPhoto?1sAb43m-vfUDCZ7uJaCeNffOLxQ_16iYYslssSDrmqU9PeuEKcWP_sVrqE2D57MueKqMObZualknu2YxXRpcV6adr5HtaeSbcm9_ArhgMxIlMdrgjsJenYaQpJV9uzC-N8k7Picd_z7KZ6HxvrW6YI-J7xJa-WODzYMkomnYkCBH_CDGX7AqPxWEZDAOk44I8I0igVCxarzfB30F-p5zBPyDJ1RxA8O6H5JxgnZtFQBFV6roXNuAa3OYgfhgyMA0ciQZPAg3mfM-z4OtKt_9YxR7ly8ylsa-i7-DlpxRCdvOazTVMDgBopp1cpH_kyWkcM6ao4FwHOs04ojvoNuu-ZMxe0XVgF999SR57fEJpuunquihB2BsVeBOpXyaboV3XXa6gFHqIiLSQp_NT2UNtzxUotJhOclQXoZ6r9dHQo3ozI0X1XhUBzGFbsfpud8Xe54F86&3u900&5m1&2e1&callback=none&r_url=http%3A%2F%2F127.0.0.1%3A8000%2Fgyms%2Fadd%2F&key=AIzaSyB5aQ5m-5l2zTQuc9oRyy8wP012JHrtgxU&token=84472", "website": "", "phone_number": "", "description": "", "price_range": "mid", "opening_hours": "Monday: 9:00 am – 10:00 pm | Tuesday: 9:00 am – 10:00 pm | Wednesday: 9:00 am – 10:00 pm | Thursday: 9:00 am – 10:00 pm | Friday: 9:00 am – 10:00 pm | Saturday: 10:00 am – 5:00 pm | Sunday: 10:00 am – 5:00 pm", "created_at": "2026-05-02T14:31:04.577Z", "updated_at": "2026-05-02T14:31:04.577Z", "status": "approved", "approved_at": "2026-05-02T20:50:11.717Z", "approved_by": null}}, {"model": "gyms.gym", "pk": 4, "fields": {"owner": 1, "name": "JD Gyms Blackburn", "slug": "jd-gyms-blackburn-blackburn", "city": "Blackburn", "address": "Whitebirk Dr, Blackburn BB1 3HT, UK", "postcode": "BB1 3HT", "latitude": 53.7569269, "longitude": -2.4453053, "google_place_id": "ChIJwT7FAF2fe0gRfro8yvulm80", "google_rating": 4.2, "opening_hours_text": "Monday: Open 24 hours\r\nTuesday: Open 24 hours\r\nWednesday: Open 24 hours\r\nThursday: Open 24 hours\r\nFriday: Open 24 hours\r\nSaturday: Open 24 hours\r\nSunday: Open 24 hours", "image": "", "image_url": "https://maps.googleapis.com/maps/api/place/js/PhotoService.GetPhoto?1sAb43m-sE3-Lq_ZlTG4LzgBnIb6xFXAiRWBZN2U6g-ziswMcyyM7cMNBMdks8A3UzP22ygL1PMrTephsraRjNlyfMHt97KhbaGbxebQzOuA0oJAS3ojMqoiLq4bV5V8mDKru57YilY9bG6dsDSyfWIdUmzmgi-sMaRU2m3iK0uIHnptpPbAeYtMDfIAIHAaMu5qyozaOKUb_7yawSpN62BmWyfKwhFVbR6orIXN65Jw7U6_DEATGNny5h2LzVWifmLeSriFPMWT6WP6BmLU3ux4w8Q681mHJSQpZWUhttFzgAisJuFA&3u900&5m1&2e1&callback=none&r_url=http%3A%2F%2F127.0.0.1%3A8000%2Fgyms%2Fadd%2F&key=AIzaSyB5aQ5m-5l2zTQuc9oRyy8wP012JHrtgxU&token=114995", "website": "https://www.jdgyms.co.uk/gym/blackburn/", "phone_number": "01254 946736", "description": "", "price_range": "mid", "opening_hours": "Monday: Open 24 hours | Tuesday: Open 24 hours | Wednesday: Open 24 hours | Thursday: Open 24 hours | Friday: Open 24 hours | Saturday: Open 24 hours | Sunday: Open 24 hours", "created_at": "2026-05-02T17:25:38.541Z", "updated_at": "2026-05-02T17:25:38.541Z", "status": "approved", "approved_at": "2026-05-02T20:50:11.717Z", "approved_by": null}}, {"model": "gyms.gym", "pk": 5, "fields": {"owner": 1, "name": "Jetts 24 Hour Gym Accrington", "slug": "jetts-24-hour-gym-accrington-accrington", "city": "Accrington", "address": "unit 2, The Viaduct, Hyndburn Rd, Accrington BB5 1QF, UK", "postcode": "BB5 1QF", "latitude": 53.7545955, "longitude": -2.369042, "google_place_id": "ChIJq9hitN-Ye0gRXYfEny-JMbI", "google_rating": 4.6, "opening_hours_text": "Monday: Open 24 hours\r\nTuesday: Open 24 hours\r\nWednesday: Open 24 hours\r\nThursday: Open 24 hours\r\nFriday: Open 24 hours\r\nSaturday: Open 24 hours\r\nSunday: Open 24 hours", "image": "", "image_url": "https://maps.googleapis.com/maps/api/place/js/PhotoService.GetPhoto?1sAb43m-ubRBnazpj3pBYNGyvUZtzwTfD3-NRHRhnM2lzO1JuMZuRpqvpFWw_yb9isLvj22NNZWsqwKI5GacqbyfhMT-ShdK-0d3Gt2t8n0kkQ4iH7buK5TCCwlBsV56eXS742TvNfZllWiGBLH6gjW8EkMBuZJan8aJeidKe8DwJzXrOPDDKrxGOEnd5bFbc0H708-bosfenkEQefrd6Q1HHVDtow3t0o6NI--hLBTJJFxSSaGW2bAGkX2Xa72i9eICxhuzFQTzbUrNDf31j0cR3Y7l09Q5TFlGkbFAIhY-hmvK7hqi9l6xNWBW5MFZyuwrtMftTZ0GDS8GkalIoekzku12WFbBKUlfnx06d6qbykMRihDw2FwXjJNZj2PSHQgvgbGFKtx1ZqvclWa16Jvm0B4jdsJGA5zinTWJGK1AiQAKTsng&3u900&5m1&2e1&callback=none&r_url=http%3A%2F%2F127.0.0.1%3A8000%2Fgyms%2Fadd%2F&key=AIzaSyB5aQ5m-5l2zTQuc9oRyy8wP012JHrtgxU&token=22344", "website": "https://jetts.co.uk/gyms/jetts-accrington/", "phone_number": "01254 914449", "description": "", "price_range": "mid", "opening_hours": "Monday: Open 24 hours | Tuesday: Open 24 hours | Wednesday: Open 24 hours | Thursday: Open 24 hours | Friday: Open 24 hours | Saturday: Open 24 hours | Sunday: Open 24 hours", "created_at": "2026-05-02T17:26:13.808Z", "updated_at": "2026-05-02T17:26:13.808Z", "status": "approved", "approved_at": "2026-05-02T20:50:11.717Z", "approved_by": null}}, {"model": "gyms.gym", "pk": 6, "fields": {"owner": 1, "name": "PureGym Blackburn", "slug": "puregym-blackburn-blackburn", "city": "Blackburn", "address": "Nova Scotia Retail Park, Blackburn BB2 3QP, UK", "postcode": "BB2 3QP", "latitude": 53.74008389999999, "longitude": -2.4837722, "google_place_id": "ChIJSbOIhM6fe0gRtvslBvrvhn4", "google_rating": 4.2, "opening_hours_text": "Monday: Open 24 hours\r\nTuesday: Open 24 hours\r\nWednesday: Open 24 hours\r\nThursday: Open 24 hours\r\nFriday: Open 24 hours\r\nSaturday: Open 24 hours\r\nSunday: Open 24 hours", "image": "", "image_url": "https://maps.googleapis.com/maps/api/place/js/PhotoService.GetPhoto?1sAb43m-sce9nG2C2grFmOl9VzmCnGYpomaqDzvuf7nLqL23iTl9z6wreMoUlTHE2kQuD8cRyz94DvfYIdX0Tzc0IPoXCZj787tTGMRuN2kQ5lxkC2MgPxNIxDeErZIm5C4ypBHuFMt_AgQiuR-pyTCbMr4_JCHAbhVS5lzzg2Q6W24O7WZpXUNRF3MNitDastSl_0Qw-KgS6MshoiTSBjmY9EDl4xPDg8pqIY_3_68MiKQY2TyyWwdyPO9wDxYcPnVW1ux-9-X7rbI70HHIaUpYNOPM5TvXX2PQSXmC7LY1WmTaLn5Q&3u900&5m1&2e1&callback=none&r_url=http%3A%2F%2F127.0.0.1%3A8000%2Fgyms%2Fadd%2F&key=AIzaSyB5aQ5m-5l2zTQuc9oRyy8wP012JHrtgxU&token=59971", "website": "https://www.puregym.com/gyms/blackburn/?utm_source=local&utm_campaign=local_search-blackburn&utm_medium=organic", "phone_number": "", "description": "", "price_range": "mid", "opening_hours": "Monday: Open 24 hours | Tuesday: Open 24 hours | Wednesday: Open 24 hours | Thursday: Open 24 hours | Friday: Open 24 hours | Saturday: Open 24 hours | Sunday: Open 24 hours", "created_at": "2026-05-02T17:27:12.107Z", "updated_at": "2026-05-02T17:27:12.107Z", "status": "approved", "approved_at": "2026-05-02T20:50:11.717Z", "approved_by": null}}, {"model": "gyms.gym", "pk": 7, "fields": {"owner": 1, "name": "Everlast Gyms", "slug": "everlast-gyms-blackburn", "city": "Blackburn", "address": "Haslingden Rd, Blackburn BB1 2NG, UK", "postcode": "BB1 2NG", "latitude": 53.7294957, "longitude": -2.4550276, "google_place_id": "ChIJUdvpnTSfe0gR7utp1PyghsI", "google_rating": 3.4, "opening_hours_text": "Monday: 6:00 am – 10:00 pm\r\nTuesday: 6:00 am – 10:00 pm\r\nWednesday: 6:00 am – 10:00 pm\r\nThursday: 6:00 am – 10:00 pm\r\nFriday: 6:00 am – 9:00 pm\r\nSaturday: 8:00 am – 6:00 pm\r\nSunday: 8:00 am – 4:00 pm", "image": "", "image_url": "https://maps.googleapis.com/maps/api/place/js/PhotoService.GetPhoto?1sAb43m-vcPPwVDujIy8l0PVwNzpd8ujDIiHc0yP35XQ5FrCHsOIzXtDnrjZe0bfK2fm7gifz7rwa2uV9YPsg6RCYNdCDaVxPgqFnCoCdt7Rd9PvhlkSogAqhc--kTsb9f-FtxzlHtF6C5ayzuPh7QnS9jSxewW7JwQuuojtuotxK02a0C66q4WJJKNJ6qX0wIusB0Oc3lWV79riabiq_urTYyXAxOZjobW-bElWZ7gnc8gUx0ZDnL48GM84O9Lo4mxGUfwAWL6bIkR4A81H1tf2mIO2A7OpuXe-HiF27cFVOu5vvcjg&3u900&5m1&2e1&callback=none&r_url=http%3A%2F%2F127.0.0.1%3A8000%2Fgyms%2Fadd%2F&key=AIzaSyB5aQ5m-5l2zTQuc9oRyy8wP012JHrtgxU&token=57200", "website": "https://www.everlastgyms.com/gyms/blackburn/", "phone_number": "0343 909 2714", "description": "", "price_range": "premium", "opening_hours": "Monday: 6:00 am – 10:00 pm | Tuesday: 6:00 am – 10:00 pm | Wednesday: 6:00 am – 10:00 pm | Thursday: 6:00 am – 10:00 pm | Friday: 6:00 am – 9:00 pm | Saturday: 8:00 am – 6:00 pm | Sunday: 8:00 am – 4:00 pm", "created_at": "2026-05-02T17:40:26.911Z", "updated_at": "2026-05-02T17:40:26.911Z", "status": "approved", "approved_at": "2026-05-02T20:50:11.717Z", "approved_by": null}}, {"model": "gyms.gym", "pk": 8, "fields": {"owner": 4, "name": "Ultimate Strength & Fitness", "slug": "ultimate-strength-fitness-nelson", "city": "Nelson", "address": "Brunswick House, Brunswick St, Nelson BB9 0HQ, UK", "postcode": "BB9 0HQ", "latitude": 53.8282283, "longitude": -2.2012339, "google_place_id": "ChIJMz0-hmiRe0gR9P9nzqemoNo", "google_rating": 4.9, "opening_hours_text": "Monday: 6:00 am – 11:00 pm\r\nTuesday: 6:00 am – 11:00 pm\r\nWednesday: 6:00 am – 11:00 pm\r\nThursday: 6:00 am – 11:00 pm\r\nFriday: 6:00 am – 11:00 pm\r\nSaturday: 9:00 am – 9:00 pm\r\nSunday: 9:00 am – 9:00 pm", "image": "", "image_url": "https://maps.googleapis.com/maps/api/place/js/PhotoService.GetPhoto?1sAb43m-u4HuwV644hZcu98Exm2FKXZ1B_HeUhv7Ze4fM5uu4M7Ug5BtgaCXBWkmqFnMl91mLi7LldmGFnyy_g5rG9YK2t4AEi1q9PV6Donsni8omgrqK_gG4tC5wsiWlDkbCVXOtp-r8GXGf-7mLvVB_shuDjRMpgO6B4JJXhSUEoo0-JtIkNiZmWAxqq6K5P1R1h5IkSOSlkj8Rg4cX-OSZFX-4ECC1Hw2F6qFjMRQjl7jkd1jQKjYvceVNjEdUvJIXDAPYoapTWNhpb6h19wh6_JUEQRDqHAI8njFjkEnDfS0PTgw&3u900&5m1&2e1&callback=none&r_url=http%3A%2F%2F127.0.0.1%3A8000%2Fgyms%2Fadd%2F&key=AIzaSyB5aQ5m-5l2zTQuc9oRyy8wP012JHrtgxU&token=2485", "website": "https://www.usfnelson.co.uk/", "phone_number": "01282 696222", "description": "", "price_range": "mid", "opening_hours": "Monday: 6:00 am – 11:00 pm | Tuesday: 6:00 am – 11:00 pm | Wednesday: 6:00 am – 11:00 pm | Thursday: 6:00 am – 11:00 pm | Friday: 6:00 am – 11:00 pm | Saturday: 9:00 am – 9:00 pm | Sunday: 9:00 am – 9:00 pm", "created_at": "2026-05-02T18:31:43.256Z", "updated_at": "2026-05-02T18:31:43.256Z", "status": "approved", "approved_at": "2026-05-02T20:50:11.717Z", "approved_by": null}}, {"model": "gyms.gym", "pk": 9, "fields": {"owner": 4, "name": "Hyndburn Leisure Centre", "slug": "hyndburn-leisure-centre-accrington", "city": "Accrington", "address": "Henry St, Church, Accrington BB5 4EP, UK", "postcode": "BB5 4EP", "latitude": 53.7552034, "longitude": -2.385073, "google_place_id": "ChIJQzLCsdeYe0gRSNScx0IiJWU", "google_rating": 4.0, "opening_hours_text": "Monday: 6:30 am – 10:00 pm\r\nTuesday: 6:30 am – 10:00 pm\r\nWednesday: 6:30 am – 10:00 pm\r\nThursday: 6:30 am – 10:00 pm\r\nFriday: 6:30 am – 10:00 pm\r\nSaturday: 8:00 am – 5:00 pm\r\nSunday: 8:00 am – 5:00 pm", "image": "", "image_url": "https://maps.googleapis.com/maps/api/place/js/PhotoService.GetPhoto?1sAb43m-vnUMOCm3LQmjcOXqa4pOPDjKjUptOm0K5DHEDbdu48UBO0gH1w_TuHz5etRoWn8Yn8KaIWPNF_pG0pXcq0VgrPifU0TruRylVfnnvOPJHiup_vVU2mnP630UZ7utpwQ2eHfDA7LjRoNs1XE6iv0Bg9qnsn4CUrM-kMld8wEdZKuIuwawuMKfI7HQp8gneNlSBbfuliAQ7v7e-TYoDPqdVhAhRoHS5VxJ4qGKPGhmYV86-_AAn677hRZnOE1tNGclyXRaf9u4_mcphVp1I363tdzqsIzxhj_CmiK1KwHM1MIA&3u900&5m1&2e1&callback=none&r_url=http%3A%2F%2F127.0.0.1%3A8000%2Fgyms%2Fadd%2F&key=AIzaSyB5aQ5m-5l2zTQuc9oRyy8wP012JHrtgxU&token=70292", "website": "https://www.hyndburnleisure.co.uk/", "phone_number": "01254 269600", "description": "", "price_range": "mid", "opening_hours": "Monday: 6:30 am – 10:00 pm | Tuesday: 6:30 am – 10:00 pm | Wednesday: 6:30 am – 10:00 pm | Thursday: 6:30 am – 10:00 pm | Friday: 6:30 am – 10:00 pm | Saturday: 8:00 am – 5:00 pm | Sunday: 8:00 am – 5:00 pm", "created_at": "2026-05-02T18:32:35.438Z", "updated_at": "2026-05-02T18:32:35.438Z", "status": "approved", "approved_at": "2026-05-02T20:50:11.717Z", "approved_by": null}}, {"model": "gyms.gym", "pk": 14, "fields": {"owner": 1, "name": "JD Gyms Bury", "slug": "jd-gyms-bury-bury", "city": "Bury", "address": "Angouleme Way Retail Park, George St, Bury BL9 7AZ, UK", "postcode": "BL9 7AZ", "latitude": 53.5932703, "longitude": -2.29034, "google_place_id": "ChIJp5-d4eule0gRjOdCzMzeCyk", "google_rating": 4.2, "opening_hours_text": "Monday: Open 24 hours\r\nTuesday: Open 24 hours\r\nWednesday: Open 24 hours\r\nThursday: Open 24 hours\r\nFriday: Open 24 hours\r\nSaturday: Open 24 hours\r\nSunday: Open 24 hours", "image": "", "image_url": "https://maps.googleapis.com/maps/api/place/js/PhotoService.GetPhoto?1sAb43m-vw63qGwd1KDvi_tdGHUZ8MH_r0dvbW0mUMvPvH3dYtmkc22CP-e9jk3ot5qGppMr-kj5JYoQytrkkD5pq6SqJJvzkRNsdlrJLRQ_dgeTYgeBtdMGzhoDdzJ_iWFhKBvmo5q5uoF4KjcNUSwOdbI1Y5lYYvsPliVuKwM8muHfIkZSfbO3AqsZ___rV9QBzt7wM0680EZ9HfvHgfUzE7mY3N59TVGCHzGaOuscYuZ7fXO0c4qq1Bc6xSBD3EsCmtUFH8HjeAblJjg58py1FOixitKGRo79ZpC2PvX3o5j2CBCA&3u900&5m1&2e1&callback=none&r_url=http%3A%2F%2F127.0.0.1%3A8000%2Fgyms%2Fadd%2F&key=AIzaSyB5aQ5m-5l2zTQuc9oRyy8wP012JHrtgxU&token=14643", "website": "http://www.jdgyms.co.uk/bury", "phone_number": "0161 393 2822", "description": "", "price_range": "mid", "opening_hours": "Monday: Open 24 hours | Tuesday: Open 24 hours | Wednesday: Open 24 hours | Thursday: Open 24 hours | Friday: Open 24 hours | Saturday: Open 24 hours | Sunday: Open 24 hours", "created_at": "2026-05-03T00:25:31.250Z", "updated_at": "2026-05-04T10:32:07.425Z", "status": "approved", "approved_at": "2026-05-04T10:31:42Z", "approved_by": 1}}, {"model": "gyms.gym", "pk": 15, "fields": {"owner": 1, "name": "JD Gyms Oldbury", "slug": "jd-gyms-oldbury-oldbury", "city": "Oldbury", "address": "Birchley Island Retail Park, Wolverhampton Rd, Oldbury B69 4RJ, UK", "postcode": "B69 4RJ", "latitude": 52.4914772, "longitude": -2.0225418, "google_place_id": "ChIJ0bzbx92XcEgRKItm_M1DXPk", "google_rating": 4.5, "opening_hours_text": "Monday: Open 24 hours\r\nTuesday: Open 24 hours\r\nWednesday: Open 24 hours\r\nThursday: Open 24 hours\r\nFriday: Open 24 hours\r\nSaturday: Open 24 hours\r\nSunday: Open 24 hours", "image": "", "image_url": "https://maps.googleapis.com/maps/api/place/js/PhotoService.GetPhoto?1sAb43m-tjCTaLhyI1_sQfVsY9tORBwdzRxJOmYaDkDg3DbmpjXSMAIXsVY5kFpPfEbe5ubrGZ8ERRJrROLUsukgnqBdX9StO21iC2UkmrustUvjLriQxSOGf3YqWhSvCGPBf1mi7yujM_qjEpDcN6weU5vXy_o2edqGeBZp_I4WGiyWjibw8N5TtLwLrAwubuZ1C6FNvSjdcJivn-x0zSje-6zAwks8s7eRI48PywKN2p2wT0gnRtfjJU788BU07-8SeFpZ44IHL3vEZwgYLz3tGZXrJdbFOH9wxtLBrWyl4bNMQnHg&3u900&5m1&2e1&callback=none&r_url=http%3A%2F%2F127.0.0.1%3A8000%2Fgyms%2Fadd%2F&key=AIzaSyB5aQ5m-5l2zTQuc9oRyy8wP012JHrtgxU&token=114370", "website": "http://www.jdgyms.co.uk/oldbury", "phone_number": "0121 227 3473", "description": "", "price_range": "mid", "opening_hours": "Monday: Open 24 hours | Tuesday: Open 24 hours | Wednesday: Open 24 hours | Thursday: Open 24 hours | Friday: Open 24 hours | Saturday: Open 24 hours | Sunday: Open 24 hours", "created_at": "2026-05-03T01:00:03.595Z", "updated_at": "2026-05-04T10:32:21.089Z", "status": "approved", "approved_at": "2026-05-04T10:32:17Z", "approved_by": null}}, {"model": "gyms.gym", "pk": 16, "fields": {"owner": 1, "name": "Central Fitness 24/7", "slug": "central-fitness-247-accrington", "city": "Accrington", "address": "100A, 102 Blackburn Rd, Accrington BB5 0AD, UK", "postcode": "BB5 0AD", "latitude": 53.75383, "longitude": -2.3689079, "google_place_id": "ChIJ_e4OUd6Ye0gR24Z4S5mYJdA", "google_rating": 4.7, "opening_hours_text": "Monday: Open 24 hours\r\nTuesday: Open 24 hours\r\nWednesday: Open 24 hours\r\nThursday: Open 24 hours\r\nFriday: Open 24 hours\r\nSaturday: Open 24 hours\r\nSunday: Open 24 hours", "image": "", "image_url": "https://maps.googleapis.com/maps/api/place/js/PhotoService.GetPhoto?1sAb43m-u1rKqSxVDrBnbDSG6X7v461gt3n54EqlhY5uQKibZGPfLoy7jaoL-6cleOYg7AAYji9CYYMPU1ISSFc5E6Ti7CLXAf2eWbkp38ff7wIxh7_pOGw6mI_r-2HovH9z9M-EZgt8N6WBHFC4Q1aaY95xyO8qD25CCkAprDTmudy-vv0hWRC7Caz5KSTVJBeIaF17uli-RrReY8PzGm12-rGSTnIeAHiYQVjDyMeWMS5GinwpSqOQtSkW2ZDZVic9WM2S3aQlEUlXw_DiqSUrb9_a9086lzFnKAC4UlD3LmxuOopw&3u900&5m1&2e1&callback=none&r_url=http%3A%2F%2F127.0.0.1%3A8000%2Fgyms%2Fadd%2F&key=AIzaSyB5aQ5m-5l2zTQuc9oRyy8wP012JHrtgxU&token=115594", "website": "http://www.centralfitnesscentre.co.uk/", "phone_number": "01254 231007", "description": "", "price_range": "mid", "opening_hours": "Monday: Open 24 hours | Tuesday: Open 24 hours | Wednesday: Open 24 hours | Thursday: Open 24 hours | Friday: Open 24 hours | Saturday: Open 24 hours | Sunday: Open 24 hours", "created_at": "2026-05-04T10:33:28.300Z", "updated_at": "2026-05-04T15:15:20.450Z", "status": "pending", "approved_at": "2026-05-04T15:15:15Z", "approved_by": 1}}, {"model": "gyms.gym", "pk": 17, "fields": {"owner": 1, "name": "Everlast Gyms", "slug": "everlast-gyms-london", "city": "London", "address": "Chiswick Sports Ground, Hartington Rd, Chiswick, London W4 3SP, UK", "postcode": "W4 3SP", "latitude": 51.476854, "longitude": -0.2668522, "google_place_id": "ChIJlVtaiWMOdkgREUVnVUIk7eI", "google_rating": 3.1, "opening_hours_text": "Monday: 6:00 am – 10:00 pm\r\nTuesday: 6:00 am – 10:00 pm\r\nWednesday: 6:00 am – 10:00 pm\r\nThursday: 6:00 am – 10:00 pm\r\nFriday: 6:00 am – 9:00 pm\r\nSaturday: 8:00 am – 6:00 pm\r\nSunday: 8:00 am – 6:00 pm", "image": "", "image_url": "https://maps.googleapis.com/maps/api/place/js/PhotoService.GetPhoto?1sAb43m-tpFvTMz13hzrjilyO3tkNx7IMJsSk7Iq2jz-_VkXTjae9bpMvPGV9W6BJ7TUrT6bBqSHADxiALLAl7ZGpXuJd6Jxe0bnxilpHVYXiCW_IQneA4j1i6_9LOZB2EgD08e9sKA0_YcsFqfgR4odMoRXAoYZG3VRZy0OkV9q4An41FWupd39ZTAqcAOKSvX1MPfACYeslknDCt57MJOxeUPDzOf31L07LXnP_RvieNmcqOi3iE7BKFQR1i4OY3nsmdRBCyYc3fe2c0uEdTfwfnCMK1vsLGk_h0R1H4Wc3NB289iA&3u900&5m1&2e1&callback=none&r_url=http%3A%2F%2F127.0.0.1%3A8000%2Fgyms%2Fadd%2F&key=AIzaSyB5aQ5m-5l2zTQuc9oRyy8wP012JHrtgxU&token=115369", "website": "https://www.everlastgyms.com/gyms/chiswick/", "phone_number": "0343 909 3942", "description": "", "price_range": "mid", "opening_hours": "Monday: 6:00 am – 10:00 pm | Tuesday: 6:00 am – 10:00 pm | Wednesday: 6:00 am – 10:00 pm | Thursday: 6:00 am – 10:00 pm | Friday: 6:00 am – 9:00 pm | Saturday: 8:00 am – 6:00 pm | Sunday: 8:00 am – 6:00 pm", "created_at": "2026-05-04T15:14:38.793Z", "updated_at": "2026-05-04T15:15:41.844Z", "status": "approved", "approved_at": "2026-05-04T15:15:37Z", "approved_by": null}}, {"model": "gyms.review", "pk": 1, "fields": {"gym": 1, "user": 1, "rating": 5, "comment": "Great Gym!", "created_at": "2026-05-02T12:26:31.220Z"}}, {"model": "gyms.review", "pk": 2, "fields": {"gym": 7, "user": 2, "rating": 5, "comment": "aaaa", "created_at": "2026-05-02T18:22:21.776Z"}}, {"model": "gyms.review", "pk": 4, "fields": {"gym": 3, "user": 1, "rating": 1, "comment": "terrible and stinks!.", "created_at": "2026-05-02T19:19:36.655Z"}}, {"model": "gyms.review", "pk": 8, "fields": {"gym": 9, "user": 1, "rating": 3, "comment": "its okay", "created_at": "2026-05-02T20:37:21.342Z"}}, {"model": "gyms.favourite", "pk": 2, "fields": {"user": 1, "gym": 1, "created_at": "2026-05-02T13:14:54.761Z"}}, {"model": "gyms.favourite", "pk": 5, "fields": {"user": 1, "gym": 5, "created_at": "2026-05-02T19:14:52.556Z"}}, {"model": "gyms.favourite", "pk": 6, "fields": {"user": 1, "gym": 8, "created_at": "2026-05-02T19:14:57.557Z"}}, {"model": "gyms.favourite", "pk": 8, "fields": {"user": 1, "gym": 4, "created_at": "2026-05-02T19:23:33.588Z"}}, {"model": "gyms.gymamenity", "pk": 1, "fields": {"gym": 4, "amenity": 1}}, {"model": "gyms.gymamenity", "pk": 2, "fields": {"gym": 4, "amenity": 2}}, {"model": "gyms.gymamenity", "pk": 3, "fields": {"gym": 4, "amenity": 3}}, {"model": "gyms.gymamenity", "pk": 4, "fields": {"gym": 4, "amenity": 4}}, {"model": "gyms.gymamenity", "pk": 5, "fields": {"gym": 4, "amenity": 5}}, {"model": "gyms.gymamenity", "pk": 6, "fields": {"gym": 4, "amenity": 6}}, {"model": "gyms.gymamenity", "pk": 7, "fields": {"gym": 4, "amenity": 8}}, {"model": "gyms.gymamenity", "pk": 8, "fields": {"gym": 4, "amenity": 9}}, {"model": "gyms.gymamenity", "pk": 9, "fields": {"gym": 4, "amenity": 10}}, {"model": "gyms.gymamenity", "pk": 10, "fields": {"gym": 5, "amenity": 1}}, {"model": "gyms.gymamenity", "pk": 11, "fields": {"gym": 5, "amenity": 2}}, {"model": "gyms.gymamenity", "pk": 12, "fields": {"gym": 5, "amenity": 3}}, {"model": "gyms.gymamenity", "pk": 13, "fields": {"gym": 5, "amenity": 4}}, {"model": "gyms.gymamenity", "pk": 14, "fields": {"gym": 5, "amenity": 5}}, {"model": "gyms.gymamenity", "pk": 15, "fields": {"gym": 5, "amenity": 6}}, {"model": "gyms.gymamenity", "pk": 16, "fields": {"gym": 5, "amenity": 8}}, {"model": "gyms.gymamenity", "pk": 17, "fields": {"gym": 5, "amenity": 9}}, {"model": "gyms.gymamenity", "pk": 18, "fields": {"gym": 5, "amenity": 10}}, {"model": "gyms.gymamenity", "pk": 19, "fields": {"gym": 5, "amenity": 12}}, {"model": "gyms.gymamenity", "pk": 20, "fields": {"gym": 6, "amenity": 1}}, {"model": "gyms.gymamenity", "pk": 21, "fields": {"gym": 6, "amenity": 2}}, {"model": "gyms.gymamenity", "pk": 22, "fields": {"gym": 6, "amenity": 4}}, {"model": "gyms.gymamenity", "pk": 23, "fields": {"gym": 6, "amenity": 8}}, {"model": "gyms.gymamenity", "pk": 24, "fields": {"gym": 6, "amenity": 10}}, {"model": "gyms.gymamenity", "pk": 25, "fields": {"gym": 9, "amenity": 1}}, {"model": "gyms.gymamenity", "pk": 26, "fields": {"gym": 9, "amenity": 2}}, {"model": "gyms.gymamenity", "pk": 27, "fields": {"gym": 9, "amenity": 5}}, {"model": "gyms.gymamenity", "pk": 28, "fields": {"gym": 9, "amenity": 7}}, {"model": "gyms.gymamenity", "pk": 29, "fields": {"gym": 9, "amenity": 8}}, {"model": "gyms.gymamenity", "pk": 30, "fields": {"gym": 9, "amenity": 9}}, {"model": "gyms.gymamenity", "pk": 31, "fields": {"gym": 9, "amenity": 10}}, {"model": "gyms.gymamenity", "pk": 33, "fields": {"gym": 14, "amenity": 4}}, {"model": "gyms.gymamenity", "pk": 34, "fields": {"gym": 15, "amenity": 1}}, {"model": "gyms.gymamenity", "pk": 35, "fields": {"gym": 15, "amenity": 2}}, {"model": "gyms.gymamenity", "pk": 36, "fields": {"gym": 15, "amenity": 3}}, {"model": "gyms.gymamenity", "pk": 37, "fields": {"gym": 15, "amenity": 4}}, {"model": "gyms.gymamenity", "pk": 38, "fields": {"gym": 15, "amenity": 5}}, {"model": "gyms.gymamenity", "pk": 39, "fields": {"gym": 15, "amenity": 6}}, {"model": "gyms.gymamenity", "pk": 40, "fields": {"gym": 15, "amenity": 7}}, {"model": "gyms.gymamenity", "pk": 41, "fields": {"gym": 15, "amenity": 8}}, {"model": "gyms.gymamenity", "pk": 42, "fields": {"gym": 15, "amenity": 9}}, {"model": "gyms.gymamenity", "pk": 43, "fields": {"gym": 15, "amenity": 10}}, {"model": "gyms.gymamenity", "pk": 44, "fields": {"gym": 15, "amenity": 11}}, {"model": "gyms.gymamenity", "pk": 45, "fields": {"gym": 15, "amenity": 12}}, {"model": "gyms.gymamenity", "pk": 46, "fields": {"gym": 16, "amenity": 8}}, {"model": "gyms.gymamenity", "pk": 47, "fields": {"gym": 16, "amenity": 1}}, {"model": "gyms.gymamenity", "pk": 48, "fields": {"gym": 16, "amenity": 2}}, {"model": "gyms.gymamenity", "pk": 49, "fields": {"gym": 16, "amenity": 4}}, {"model": "gyms.gymamenity", "pk": 50, "fields": {"gym": 17, "amenity": 1}}, {"model": "gyms.gymamenity", "pk": 51, "fields": {"gym": 17, "amenity": 2}}, {"model": "gyms.gymamenity", "pk": 52, "fields": {"gym": 17, "amenity": 4}}, {"model": "gyms.gymamenity", "pk": 53, "fields": {"gym": 17, "amenity": 5}}, {"model": "gyms.gymamenity", "pk": 54, "fields": {"gym": 17, "amenity": 6}}, {"model": "gyms.gymamenity", "pk": 55, "fields": {"gym": 17, "amenity": 8}}, {"model": "gyms.gymamenity", "pk": 56, "fields": {"gym": 17, "amenity": 9}}]
